"Facility_Name1","Facility_Name2","Facility_Name3","FACID1","FACID2","FACID3","County","Observed_infections","Predicted_infections","Central_line_days","SIR","X95.Confidence_Interval_Low_Limit","X95.Confidence_Interval_Upper_Limit","Statistical_Interpretation"
"Dominican Hospital",".",".",70000139,".",".","Santa Cruz",4,10.35,7353,0.39,0.12,0.93,"Low"
"Adventist Medical Center, Hanford","Adventist Medical Center-Selma",".",40000122,"630012960",".","Kings-Fresno",4,7.48,5791,0.54,0.17,1.29,"No difference"
"Adventist Medical Center, Reedley",".",".",40000124,".",".","Fresno",0,0,4,NA,NA,NA,"Too few to calculate"
"AHMC Anaheim Regional Medical Center, Anaheim",".",".",60000002,".",".","Orange",13,14.39,8191,0.9,0.5,1.51,"No difference"
"Alameda County Medical Center, Oakland","Alameda County Medical Center-Fairmont Campus, San Leandro",".",140000034,"140000184",".","Alameda",6,20.33,11238,0.3,0.12,0.61,"Low"
"Alameda Hospital",".",".",140000011,".",".","Alameda",0,1.38,874,0,0,2.16,"No difference"
"Alhambra Hospital Medical Center",".",".",930000005,".",".","Los Angeles",0,2.94,2463,0,0,1.02,"No difference"
"Alta Bates Summit Medical Center, Alta Bates Campus, Berkeley","Alta Bates Summit Medical Center, Herrick Campus, Berkeley",".",140000012,"140000006",".","Alameda",4,16.47,11216,0.24,0.08,0.59,"Low"
"Alta Bates Summit Medical Center, Oakland","Alta Bates Summit Medical Center, Summit Campus, Oakland",".",140000425,"140000203",".","Alameda",6,16.03,12196,0.37,0.15,0.78,"Low"
"Alvarado Hospital Medical Center, Campus #1, San Diego","Alvarado Hospital Medical Center, Campus #2, San Diego",".",90000013,"090000839",".","San Diego",3,8.03,4430,0.37,0.1,1.02,"No difference"
"Antelope Valley Hospital, Lancaster",".",".",930000008,".",".","Los Angeles",15,21.37,15418,0.7,0.41,1.13,"No difference"
"Arrowhead Regional Medical Center, Colton",".",".",240000100,".",".","San Bernardino",6,24.77,12953,0.24,0.1,0.5,"Low"
"Bakersfield Heart Hospital",".",".",120001330,".",".","Kern",0,3.11,2073,0,0,0.96,"Low"
"Bakersfield Memorial Hospital",".",".",120000338,".",".","Kern",3,17.19,11509,0.18,0.04,0.48,"Low"
"Banner Lassen Medical Center, Susanville",".",".",230000008,".",".","Lassen",0,0.33,276,NA,NA,NA,"Too few to calculate"
"Barstow Community Hospital",".",".",240000001,".",".","San Bernardino",0,0.81,614,NA,NA,NA,"Too few to calculate"
"Barton Memorial Hospital, South Lake Tahoe",".",".",30000114,".",".","El Dorado",0,0.93,734,NA,NA,NA,"Too few to calculate"
"Bear Valley Community Hospital, Big Bear Lake",".",".",240000002,".",".","San Bernardino",0,0.01,8,NA,NA,NA,"Too few to calculate"
"Beverly Hospital, Montebello",".",".",930000012,".",".","Los Angeles",6,8.55,5922,0.7,0.29,1.46,"No difference"
"Biggs Gridley Memorial Hospital, Gridley",".",".",230000001,".",".","Butte",0,0.12,92,NA,NA,NA,"Too few to calculate"
"California Hospital Medical Center, Los Angeles",".",".",930000002,".",".","Los Angeles",12,11.96,5776,1,0.54,1.71,"No difference"
"California Medical Facility, Vacaville",".",".",150000441,".",".","Solano",3,1.11,737,2.71,0.69,7.39,"No difference"
"California Mens Colony, San Luis Obispo",".",".",170001888,".",".","San Luis Obispo",0,2.04,1698,0,0,1.47,"No difference"
"California Pacific Medical Center, Davies Campus Hospital, SF",".",".",220000023,".",".","San Francisco",0,4.67,3242,0,0,0.64,"Low"
"California Pacific Medical Center, Pacific Campus Hospital, SF","California Pacific Medical Center, CA West Campus  Hospital, SF",".",220000022,"220000002",".","San Francisco",7,32.9,21193,0.21,0.09,0.42,"Low"
"California Pacific Medical Center, St Luke's Campus, San Francisco",".",".",220000018,".",".","San Francisco",1,3.82,2857,0.26,0.01,1.29,"No difference"
"Cedars-Sinai Medical Center, Los Angeles",".",".",930000004,".",".","Los Angeles",23,103.06,61532,0.22,0.15,0.33,"Low"
"Centinela Hospital Medical Center, Inglewood",".",".",930000022,".",".","Los Angeles",3,12.23,8567,0.25,0.06,0.67,"Low"
"Chapman Medical Center, Orange",".",".",60000006,".",".","Orange",0,0.74,552,NA,NA,NA,"Too few to calculate"
"Childrens Hospital and Research Center at Oakland",".",".",140000014,".",".","Alameda",23,27.96,12894,0.82,0.53,1.22,"No difference"
"Children's Hospital at Mission, Mission Viejo",".",".",60001207,".",".","Orange",0,2.56,1083,0,0,1.17,"No difference"
"Children's Hospital Central California, Madera",".",".",40000129,".",".","Madera",26,65.8,27951,0.4,0.26,0.57,"Low"
"Childrens Hospital of Los Angeles",".",".",930000034,".",".","Los Angeles",65,141.74,48500,0.46,0.36,0.58,"Low"
"Children's Hospital of Orange County, Orange",".",".",60000007,".",".","Orange",10,65.08,23301,0.15,0.08,0.27,"Low"
"Chinese Hospital, San Francisco",".",".",220000003,".",".","San Francisco",0,1.01,764,0,0,2.98,"No difference"
"Chino Valley Medical Center, Chino",".",".",240000003,".",".","San Bernardino",0,1.76,926,0,0,1.7,"No difference"
"Citrus Valley Medical Center, IC , Covina","Citrus Valley Medical Center, QV,  West Covina",".",930000070,"930000132",".","Los Angeles",16,19.02,12140,0.84,0.5,1.34,"No difference"
"City of Hope Helford Clinical Research Hospital, Duarte",".",".",930000036,".",".","Los Angeles",121,145.35,44627,0.83,0.69,0.99,"Low"
"Clovis Community Medical Center",".",".",40000095,".",".","Fresno",8,7.43,5543,1.08,0.5,2.05,"No difference"
"Coalinga Regional Medical Center",".",".",40000096,".",".","Fresno",0,0.01,8,NA,NA,NA,"Too few to calculate"
"Coast Plaza Hospital, Norwalk",".",".",930000038,".",".","Los Angeles",0,2.08,1465,0,0,1.44,"No difference"
"Coastal Communities Hospital, Santa Ana",".",".",60000021,".",".","Orange",3,1.2,797,2.51,0.64,6.83,"No difference"
"College Hospital Costa Mesa",".",".",60000008,".",".","Orange",1,1.09,910,0.92,0.05,4.54,"No difference"
"Colorado River Medical Center, Needles",".",".",240000034,".",".","San Bernardino",1,0.19,160,5.21,0.13,29.02,"No difference"
"Colusa Reg Medical Center",".",".",230000259,".",".","Colusa",0,0.13,101,NA,NA,NA,"Too few to calculate"
"Community and Mission Hospital of Huntington Park",".",".",930000040,".",".","Los Angeles",3,1.2,858,2.49,0.63,6.78,"No difference"
"Community Hospital Long Beach",".",".",930000082,".",".","Los Angeles",1,2.63,1742,0.38,0.02,1.88,"No difference"
"Community Hospital of San Bernardino",".",".",240000082,".",".","San Bernardino",6,6.07,3739,0.99,0.4,2.06,"No difference"
"Community Hospital of The Monterey Peninsula, Monterey",".",".",70000137,".",".","Monterey",1,13.03,9497,0.08,0,0.38,"Low"
"Community Memorial Hospital, San Buenaventura, Ventura",".",".",50000014,".",".","Ventura",0,9.49,5679,0,0,0.32,"Low"
"Community Regional Medical Center, Fresno",".",".",40000101,".",".","Fresno",72,63.3,32389,1.14,0.9,1.42,"No difference"
"Contra Costa Regional Medical Center, Martinez",".",".",140000195,".",".","Contra Costa",3,6.34,4138,0.47,0.12,1.29,"No difference"
"Corona Regional Medical Center, Campus #1","Corona Regional Medical Center, Campus #2",".",250000006,"250000007",".","Riverside",0,5.62,3468,0,0,0.53,"Low"
"Dameron Hospital, Stockton",".",".",30000117,".",".","San Joaquin",3,7.1,5070,0.42,0.11,1.15,"No difference"
"Delano Regional Medical Center",".",".",120000336,".",".","Kern",3,0.69,573,4.34,0.9,12.69,"No difference"
"Desert Regional Medical Center, Palm Springs",".",".",250000008,".",".","Riverside",6,21.85,13056,0.28,0.11,0.57,"Low"
"Desert Valley Hospital, Victorville",".",".",240001330,".",".","San Bernardino",5,4.22,3055,1.19,0.44,2.63,"No difference"
"Doctors Hospital of Manteca",".",".",30000118,".",".","San Joaquin",1,2.15,1645,0.47,0.02,2.3,"No difference"
"Doctors Hospital of West Covina, Inc, West Covina",".",".",930000188,".",".","Los Angeles",0,0,4,NA,NA,NA,"Too few to calculate"
"Doctors Medical Center, Modesto",".",".",30000122,".",".","Stanislaus",11,30.63,19012,0.36,0.19,0.62,"Low"
"Doctors Medical Center, San Pablo",".",".",110001204,".",".","Contra Costa",3,3.74,2204,0.8,0.2,2.18,"No difference"
"Downey Regional Medical Center",".",".",930000052,".",".","Los Angeles",4,3.81,2752,1.05,0.33,2.53,"No difference"
"Earl & Loraine Miller Children's Hospital, Long Beach",".",".",930001709,".",".","Los Angeles",21,40.8,15022,0.52,0.33,0.77,"Low"
"East Los Angeles Doctors Hospital, Los Angeles",".",".",930000053,".",".","Los Angeles",9,4.23,2425,2.13,1.04,3.91,"High"
"East Valley Hospital Medical Center, Glendora",".",".",930000060,".",".","Los Angeles",0,0.55,372,NA,NA,NA,"Too few to calculate"
"Eastern Plumas Health Care, Portola",".",".",230000004,".",".","Plumas",0,0.07,46,NA,NA,NA,"Too few to calculate"
"Eden Medical Center, Castro Valley",".",".",140000183,".",".","Alameda",5,9.4,6610,0.53,0.2,1.18,"No difference"
"Eisenhower Medical Center, Rancho Mirage",".",".",250000011,".",".","Riverside",2,13.73,9943,0.15,0.02,0.48,"Low"
"El Camino Hospital, Los Gatos",".",".",70000136,".",".","Santa Clara",0,1.59,1379,0,0,1.89,"No difference"
"El Camino Hospital, Mountain View",".",".",70001351,".",".","Santa Clara",1,11.62,7252,0.09,0,0.42,"Low"
"El Centro Regional Medical Center",".",".",90000040,".",".","Imperial",7,2.96,2227,2.36,1.03,4.68,"High"
"Emanuel Medical Center Inc, Turlock",".",".",30000125,".",".","Stanislaus",4,8.51,4511,0.47,0.15,1.13,"No difference"
"Encino Hospital Medical Center, Encino",".",".",930000054,".",".","Los Angeles",0,2.22,1740,0,0,1.35,"No difference"
"Enloe Medical Center-Cohasset, Chico","Enloe Medical Center-Esplanade, Chico","Enloe Rehabilitation Center, Chico",230000013,"230000002","230000405","Butte",1,15.53,10481,0.06,0,0.32,"Low"
"Fairchild Medical Center, Yreka",".",".",230000019,".",".","Siskiyou",0,0.57,429,NA,NA,NA,"Too few to calculate"
"Fairview Developmental Center, Costa Mesa",".",".",170001767,".",".","Orange",0,0.02,12,NA,NA,NA,"Too few to calculate"
"Fallbrook Hospital District",".",".",80000043,".",".","San Diego",0,0.51,385,NA,NA,NA,"Too few to calculate"
"Feather River Hospital, Paradise",".",".",230000005,".",".","Butte",0,5.34,3176,0,0,0.56,"Low"
"Foothill Presbyterian Hospital-Johnston Memorial, Glendora",".",".",930000056,".",".","Los Angeles",0,2.81,2160,0,0,1.07,"No difference"
"Fountain Valley Regional Hospital & Medical Center","Fountain Valley Regional Hospital & Medical Center",".",60000011,"060000936",".","Orange",6,17.43,10305,0.34,0.14,0.72,"Low"
"Frank R. Howard Memorial Hospital, Willits",".",".",110000008,".",".","Mendocino",1,1.06,800,0.94,0.05,4.64,"No difference"
"Fremont Medical Center, Yuba City","Rideout Memorial Hospital, Marysville",".",230000261,"230000260",".","Sutter-Yuba",16,14.51,10642,1.1,0.65,1.75,"No difference"
"French Hospital Medical Center, San Luis Obispo",".",".",50000016,".",".","San Luis Obispo",3,1.86,1304,1.61,0.41,4.39,"No difference"
"Fresno Heart and Surgical Hospital",".",".",40001397,".",".","Fresno",2,3.13,2153,0.64,0.11,2.11,"No difference"
"Fresno Surgical Hospital",".",".",40000254,".",".","Fresno",0,0.01,4,NA,NA,NA,"Too few to calculate"
"Garden Grove Hospital and Medical Center",".",".",60000058,".",".","Orange",4,2.97,2216,1.35,0.43,3.25,"No difference"
"Garfield Medical Center, Monterey Park",".",".",930000058,".",".","Los Angeles",5,6.36,4094,0.79,0.29,1.74,"No difference"
"George L. Mee Memorial Hospital, King City",".",".",70000141,".",".","Monterey",2,0.77,621,2.61,0.32,9.43,"No difference"
"Glendale Adventist Medical Center",".",".",930000059,".",".","Los Angeles",11,20.52,12910,0.54,0.28,0.93,"Low"
"Glendale Memorial Hospital and Health Center",".",".",930000093,".",".","Los Angeles",0,8.78,6153,0,0,0.34,"Low"
"Glenn Medical Center, Willows",".",".",230000006,".",".","Glenn",0,0.07,47,NA,NA,NA,"Too few to calculate"
"Kaiser Foundation Hospital, Irvine",".",".",630011745,".",".","Orange",2,10.83,6776,0.19,0.03,0.61,"Low"
"Goleta Valley Cottage Hospital, Santa Barbara",".",".",50000017,".",".","Santa Barbara",1,1.92,1749,0.52,0.03,2.57,"No difference"
"Good Samaritan Hospital, Los Angeles",".",".",930000068,".",".","Los Angeles",13,18.06,11331,0.72,0.4,1.2,"No difference"
"Good Samaritan Hospital, San Jose","Mission Oaks Hospital, Los Gatos",".",70000153,"070000154",".","Santa Clara",4,23.84,12736,0.17,0.05,0.41,"Low"
"Greater El Monte Community Hospital, South El Monte",".",".",930000062,".",".","Los Angeles",1,1.31,992,0.76,0.04,3.76,"No difference"
"Grossmont Hospital, La Mesa",".",".",80000045,".",".","San Diego",4,25.38,14866,0.16,0.05,0.38,"Low"
"Hazel Hawkins Memorial Hospital, Hollister",".",".",70000142,".",".","San Benito",1,1.22,825,0.82,0.04,4.04,"No difference"
"Healdsburg District Hospital",".",".",110000009,".",".","Sonoma",0,0.21,162,NA,NA,NA,"Too few to calculate"
"Healthbridge Children's Hospital, Orange",".",".",60001674,".",".","Orange",0,0.5,160,NA,NA,NA,"Too few to calculate"
"Hemet Valley Medical Center",".",".",250000012,".",".","Riverside",3,6.31,3882,0.48,0.12,1.3,"No difference"
"Henry Mayo Newhall Memorial Hospital, Valencia",".",".",930000063,".",".","Los Angeles",5,14.86,11687,0.34,0.12,0.75,"Low"
"Hi-Desert Medical Center, Joshua Tree",".",".",240000014,".",".","San Bernardino",0,0.99,715,NA,NA,NA,"Too few to calculate"
"Hoag Memorial Hospital Presbyterian, Newport Beach","Hoag Hospital, Irvine",".",60000014,"060001022",".","Orange",13,29.77,17646,0.44,0.24,0.73,"Low"
"Hoag Orthopedic Hospitalital",".",".",630012891,".",".","Orange",0,0.11,135,NA,NA,NA,"Too few to calculate"
"Hollywood Presbyterian Medical Center, Los Angeles",".",".",930000065,".",".","Los Angeles",7,16.22,9198,0.43,0.19,0.85,"Low"
"Huntington Beach Hospital",".",".",60000015,".",".","Orange",4,2.29,1684,1.75,0.56,4.21,"No difference"
"Huntington Memorial Hospital, Pasadena",".",".",930000026,".",".","Los Angeles",4,30.8,18460,0.13,0.04,0.31,"Low"
"John C. Fremont Healthcare District, Mariposa",".",".",40000105,".",".","Mariposa",0,0.01,9,NA,NA,NA,"Too few to calculate"
"John D Klarich Memorial Hospital, CSP-Corcoran",".",".",170001879,".",".","Kings",0,0,0,NA,NA,NA,"Too few to calculate"
"John F. Kennedy Memorial Hospital, Indio",".",".",250000017,".",".","Riverside",1,6.52,4366,0.15,0.01,0.76,"Low"
"John Muir Medical Center, Concord",".",".",140000196,".",".","Contra Costa",11,12.91,8508,0.85,0.45,1.48,"No difference"
"John Muir Medical Center, Walnut Creek",".",".",140000187,".",".","Contra Costa",12,22.62,14286,0.53,0.29,0.9,"Low"
"Kaiser Foundation Hospital & Rehab. Center, Vallejo",".",".",110000011,".",".","Solano",6,3.8,2923,1.58,0.64,3.29,"No difference"
"Kaiser Foundation Hospital South Bay, Harbor City",".",".",930000071,".",".","Los Angeles",3,9.47,6793,0.32,0.08,0.86,"Low"
"Kaiser Foundation Hospital, Anaheim Medical Center","Kaiser Foundation Hospital-Lakeview Medical Center",".",630013929,"060000018",".","Orange",7,10.98,6094,0.64,0.28,1.26,"No difference"
"Kaiser Foundation Hospital, Antioch",".",".",630011203,".",".","Contra Costa",3,2.65,1943,1.13,0.29,3.08,"No difference"
"Kaiser Foundation Hospital, Baldwin Park",".",".",930001543,".",".","Los Angeles",5,8.17,5526,0.61,0.22,1.36,"No difference"
"Kaiser Foundation Hospital, Downey, BellfLow",".",".",930000074,".",".","Los Angeles",2,19.77,11990,0.1,0.02,0.33,"Low"
"Kaiser Foundation Hospital, Fontana",".",".",240000024,".",".","San Bernardino",9,50.23,25572,0.18,0.09,0.33,"Low"
"Kaiser Foundation Hospital, Fresno",".",".",40000949,".",".","Fresno",1,4.58,3462,0.22,0.01,1.08,"No difference"
"Kaiser Foundation Hospital, Hayward/Fremont","Kaiser Foundation Hospital, Fremont",".",140000189,"140001086",".","Alameda",7,12.57,8698,0.56,0.24,1.1,"No difference"
"Kaiser Foundation Hospital, Los Angeles",".",".",930000072,".",".","Los Angeles",22,41.83,20838,0.53,0.34,0.78,"Low"
"Kaiser Foundation Hospital, Manteca","Kaiser Foundation Hospital, Modesto",".",30000973,"630011683",".","Stanislaus-San Joaquin",1,6.89,5233,0.15,0.01,0.72,"Low"
"Kaiser Foundation Hospital, Moreno Valley",".",".",630011959,".",".","Riverside",0,2.29,1546,0,0,1.31,"No difference"
"Kaiser Foundation Hospital, Oakland/Richmond","Kaiser Foundation Hospital, Richmond Campus",".",140000188,"140000191",".","Alameda-Contra Costa",11,20.1,11239,0.55,0.29,0.95,"Low"
"Kaiser Foundation Hospital, Ontario",".",".",630013398,".",".","San Bernardino",3,16.29,10912,0.18,0.05,0.5,"Low"
"Kaiser Foundation Hospital, Panorama City",".",".",930000050,".",".","Los Angeles",1,8.32,4946,0.12,0.01,0.59,"Low"
"Kaiser Foundation Hospital, Redwood City",".",".",220000010,".",".","San Mateo",1,4.98,4005,0.2,0.01,0.99,"Low"
"Kaiser Foundation Hospital, Riverside",".",".",250000707,".",".","Riverside",9,17.05,10839,0.53,0.26,0.97,"Low"
"Kaiser Foundation Hospital, Roseville",".",".",30001370,".",".","Placer",6,18.6,11175,0.32,0.13,0.67,"Low"
"Kaiser Foundation Hospital, Sacramento",".",".",30000130,".",".","Sacramento",6,10.55,7689,0.57,0.23,1.18,"No difference"
"Kaiser Foundation Hospital, San Diego",".",".",80000144,".",".","San Diego",7,24.11,11824,0.29,0.13,0.57,"Low"
"Kaiser Foundation Hospital, San Francisco",".",".",220000008,".",".","San Francisco",3,13.23,8454,0.23,0.06,0.62,"Low"
"Kaiser Foundation Hospital, San Jose",".",".",70000150,".",".","Santa Clara",6,7.08,4551,0.85,0.34,1.76,"No difference"
"Kaiser Foundation Hospital, San Rafael",".",".",110000944,".",".","Marin",2,4.35,3309,0.46,0.08,1.52,"No difference"
"Kaiser Foundation Hospital, Santa Clara",".",".",70001355,".",".","Santa Clara",18,30.47,17705,0.59,0.36,0.92,"Low"
"Kaiser Foundation Hospital, Santa Rosa",".",".",110000508,".",".","Sonoma",4,4.85,3867,0.82,0.26,1.99,"No difference"
"Kaiser Foundation Hospital, South Sacramento",".",".",30000133,".",".","Sacramento",4,10.77,8253,0.37,0.12,0.9,"Low"
"Kaiser Foundation Hospital, South San Francisco",".",".",220000009,".",".","San Mateo",3,2.36,1807,1.27,0.32,3.46,"No difference"
"Kaiser Foundation Hospital, Vacaville",".",".",630012364,".",".","Solano",2,3,2291,0.67,0.11,2.2,"No difference"
"Kaiser Foundation Hospital, Walnut Creek",".",".",140000190,".",".","Contra Costa",7,15.27,10386,0.46,0.2,0.91,"Low"
"Kaiser Foundation Hospital, West LA, Los Angeles",".",".",930000076,".",".","Los Angeles",5,13.37,7214,0.37,0.14,0.83,"Low"
"Kaiser Foundation Hospital, Woodland Hills",".",".",930000290,".",".","Los Angeles",4,5.88,3831,0.68,0.22,1.64,"No difference"
"Kaweah Delta Medical Center, Visalia",".",".",120001444,".",".","Tulare",1,21.75,14555,0.05,0,0.23,"Low"
"Keck Hospital of USC, Los Angeles",".",".",930000912,".",".","Los Angeles",33,46.33,29356,0.71,0.5,0.99,"Low"
"Kern Medical Center, Bakersfield",".",".",120000342,".",".","Kern",2,15.82,9096,0.13,0.02,0.42,"Low"
"Kern Valley Healthcare District, Lake Isabella",".",".",120000344,".",".","Kern",0,0.25,205,NA,NA,NA,"Too few to calculate"
"La Palma Intercommunity Hospital",".",".",60000024,".",".","Orange",0,2.14,1425,0,0,1.4,"No difference"
"LAC/Harbor-UCLA Medical Center, Torrance",".",".",60000027,".",".","Los Angeles",21,30.33,13957,0.69,0.44,1.04,"No difference"
"LAC/Rancho Los Amigos National Rehab Center, Downey",".",".",60000028,".",".","Los Angeles",5,11.55,9740,0.43,0.16,0.96,"Low"
"LAC+USC Medical Center, Los Angeles",".",".",60000040,".",".","Los Angeles",30,60.64,30841,0.5,0.34,0.7,"Low"
"Lakewood Regional Medical Center",".",".",930000047,".",".","Los Angeles",3,10.31,6627,0.29,0.07,0.79,"Low"
"Lanterman Developmental Center, Pomona",".",".",170001771,".",".","Los Angeles",0,0.03,23,NA,NA,NA,"Too few to calculate"
"Lodi Memorial Hospital","Lodi Memorial Hospital-West",".",30000139,"030000136",".","San Joaquin",3,7.89,5291,0.38,0.1,1.04,"No difference"
"Loma Linda UNIV Medical Center, Loma Linda","Loma Linda UNIV Heart & Surgical Hospital, Redlands","Loma Linda UNIV Medical Center East Hospital, Loma Linda",240000027,"240000025","630012294","San Bernardino",81,117,51774,0.69,0.55,0.86,"Low"
"Loma Linda University Medical Center - Murrieta",".",".",630012971,".",".","Riverside",4,5.75,4617,0.7,0.22,1.68,"No difference"
"Lompoc Valley Medical Center",".",".",50000018,".",".","Santa Barbara",0,1.37,1059,0,0,2.18,"No difference"
"Long Beach Memorial Medical Center, Long Beach",".",".",930000095,".",".","Los Angeles",30,37.56,23185,0.8,0.55,1.13,"No difference"
"Los Alamitos Medical Center",".",".",60000025,".",".","Orange",3,6.38,4656,0.47,0.12,1.28,"No difference"
"Los Angeles Co Olive View-UCLA Medical Center, Sylmar",".",".",60000038,".",".","Los Angeles",7,12.76,7431,0.55,0.24,1.09,"No difference"
"Los Angeles Community Hospital","Norwalk Community Hospital",".",930000085,"930000112",".","Los Angeles",1,4.79,3505,0.21,0.01,1.03,"No difference"
"Los Robles Hospital & Medical Center, Thousand Oaks","Los Robles Hospital & Medical Center, E  , Thousand Oaks","Thousand Oaks Surgical Hospital",50000020,"050000553","050001468","Ventura",7,23.85,13184,0.29,0.13,0.58,"Low"
"Lucile Salter Packard Children's Hospital at Stanford, Palo Alto",".",".",70001349,".",".","Santa Clara",47,105.16,36899,0.45,0.33,0.59,"Low"
"Mad River Community Hospital, Arcata",".",".",110000021,".",".","Humboldt",0,1.29,974,0,0,2.33,"No difference"
"Madera Community Hospital",".",".",40000111,".",".","Madera",0,2.58,2021,0,0,1.16,"No difference"
"Mammoth Hospital",".",".",240000005,".",".","Mono",0,0.08,62,NA,NA,NA,"Too few to calculate"
"Marian Regional Medical Center",".",".",50000021,".",".","Santa Barbara",3,7.29,4416,0.41,0.11,1.12,"No difference"
"Marian Regional Medical Center, Arroyo Grande",".",".",50000009,".",".","San Luis Obispo",1,0.75,668,1.33,0.03,7.42,"No difference"
"Marin General Hospital, Greenbrae",".",".",110000953,".",".","Marin",3,9.21,6688,0.33,0.08,0.89,"Low"
"Marina Del Rey Hospital",".",".",930000044,".",".","Los Angeles",0,2.42,1437,0,0,1.24,"No difference"
"Mark Twain Medical Center, San andreas",".",".",30000120,".",".","Calaveras",0,0.89,658,NA,NA,NA,"Too few to calculate"
"Marshall Medical Center (1-Rh), Placerville",".",".",30000121,".",".","El Dorado",0,2.99,2023,0,0,1,"No difference"
"Mayers Memorial Hospital, Fall River Mills",".",".",230000009,".",".","Shasta",0,0.1,83,NA,NA,NA,"Too few to calculate"
"Memorial Hospital Los Banos",".",".",40000110,".",".","Merced",0,0.16,128,NA,NA,NA,"Too few to calculate"
"Memorial Hospital of Gardena",".",".",930000092,".",".","Los Angeles",4,6.09,4502,0.66,0.21,1.59,"No difference"
"Memorial Medical Center, Modesto",".",".",30000123,".",".","Stanislaus",6,32.68,22484,0.18,0.07,0.38,"Low"
"Mendocino Coast District Hospital, Fort Bragg",".",".",110000023,".",".","Mendocino",0,0.46,350,NA,NA,NA,"Too few to calculate"
"Menifee Valley Medical Center, Sun City",".",".",250000727,".",".","Riverside",1,1.25,890,0.8,0.04,3.95,"No difference"
"Menlo Park Surgical Hospital",".",".",220000716,".",".","San Mateo",0,0,3,NA,NA,NA,"Too few to calculate"
"Mercy General Hospital, Sacramento",".",".",30000124,".",".","Sacramento",0,37.32,23372,0,0,0.08,"Low"
"Mercy Hospital of Folsom",".",".",30000901,".",".","Sacramento",0,6.54,4074,0,0,0.46,"Low"
"Mercy Hospital, Bakersfield","Mercy Southwest Hospital, Bakersfield",".",120000404,"120000701",".","Kern",4,14.42,10199,0.28,0.09,0.67,"Low"
"Mercy Medical Center Merced",".",".",40000113,".",".","Merced",3,6.94,4669,0.43,0.11,1.18,"No difference"
"Mercy Medical Center Mt. Shasta",".",".",230000012,".",".","Siskiyou",0,0.04,30,NA,NA,NA,"Too few to calculate"
"Mercy Medical Center Redding",".",".",230000010,".",".","Shasta",4,16.24,10685,0.25,0.08,0.59,"Low"
"Mercy San Juan Medical Center, Carmichael",".",".",30000127,".",".","Sacramento",16,44.74,23732,0.36,0.21,0.57,"Low"
"Methodist Hospital of Sacramento",".",".",30000037,".",".","Sacramento",1,11.13,6299,0.09,0,0.44,"Low"
"Methodist Hospital of Southern CA, Arcadia",".",".",930000096,".",".","Los Angeles",5,11.7,8038,0.43,0.16,0.95,"Low"
"Mills-Peninsula Medical Center, Burlingame","Mills Health Center, San Mateo",".",220000017,"220000004",".","San Mateo",2,10.75,6772,0.19,0.03,0.62,"Low"
"Mission Community Hospital, Panorama",".",".",930000027,".",".","Los Angeles",7,3.54,2620,1.98,0.87,3.92,"No difference"
"Mission Hospital Laguna Beach",".",".",60000066,".",".","Orange",3,1.34,1021,2.24,0.57,6.08,"No difference"
"Mission Hospital Regional Medical Center, Mission Viejo",".",".",60000060,".",".","Orange",16,34.17,19284,0.47,0.28,0.74,"Low"
"Modoc Medical Center, Alturas",".",".",230000011,".",".","Modoc",0,0.01,8,NA,NA,NA,"Too few to calculate"
"Montclair Hospital Medical Center",".",".",240000009,".",".","San Bernardino",1,1.31,961,0.76,0.04,3.76,"No difference"
"Monterey Park Hospital",".",".",930000108,".",".","Los Angeles",0,0.96,638,NA,NA,NA,"Too few to calculate"
"Natividad Medical Center, Salinas",".",".",70000145,".",".","Monterey",4,4.62,3370,0.87,0.28,2.09,"No difference"
"Northbay Medical Center, Fairfield",".",".",110000010,".",".","Solano",7,8.82,5732,0.79,0.35,1.57,"No difference"
"Northbay Vacavalley Hospital, Vacaville",".",".",110000378,".",".","Solano",0,2.26,1716,0,0,1.33,"No difference"
"Northern Inyo Hospital, Bishop",".",".",240000037,".",".","Inyo",0,0.08,62,NA,NA,NA,"Too few to calculate"
"Northridge Hospital Medical Center",".",".",930000111,".",".","Los Angeles",4,13.82,8318,0.29,0.09,0.7,"Low"
"Novato Community Hospital",".",".",110000982,".",".","Marin",0,0.71,525,NA,NA,NA,"Too few to calculate"
"Oak Valley Hospital District   (2-Rh), Oakdale",".",".",30000131,".",".","Stanislaus",0,0.66,503,NA,NA,NA,"Too few to calculate"
"O'connor Hospital, San Jose",".",".",70000146,".",".","Santa Clara",2,8.96,5786,0.22,0.04,0.74,"Low"
"Ojai Valley Community Hospital, Ojai",".",".",50000023,".",".","Ventura",0,0.42,293,NA,NA,NA,"Too few to calculate"
"Olympia Medical Center, Los Angeles",".",".",930000105,".",".","Los Angeles",4,8.44,5300,0.47,0.15,1.14,"No difference"
"Orange Coast Memorial Medical Center, Fountain Valley",".",".",60000208,".",".","Orange",2,8.66,5010,0.23,0.04,0.76,"Low"
"Oroville Hospital",".",".",230000014,".",".","Butte",8,4.22,3023,1.9,0.88,3.6,"No difference"
"Pacific Alliance Medical Center",".",".",930000057,".",".","Los Angeles",1,3.19,2531,0.31,0.02,1.55,"No difference"
"Pacifica Hospital of The Valley, Sun Valley",".",".",930000133,".",".","Los Angeles",6,2.49,1725,2.41,0.98,5.02,"No difference"
"Palm Drive Hospital, Sebastopol",".",".",110000038,".",".","Sonoma",0,0.85,659,NA,NA,NA,"Too few to calculate"
"Palmdale Regional Medical Center",".",".",930000077,".",".","Los Angeles",0,7.28,4833,0,0,0.41,"Low"
"Palo Verde Hospital, Blythe",".",".",250000042,".",".","Riverside",0,0.31,235,NA,NA,NA,"Too few to calculate"
"Palomar Health Downtown Campus, Escondido","Palomar Medical Center, Escondido",".",80000142,"630013873",".","San Diego",20,33.78,17363,0.59,0.37,0.9,"Low"
"Paradise Valley Hospital, National City",".",".",90000145,".",".","San Diego",11,4.61,2939,2.39,1.26,4.15,"High"
"Parkview Community Hospital Medical Center, Riverside",".",".",250000044,".",".","Riverside",5,12.36,7804,0.4,0.15,0.9,"Low"
"Petaluma Valley Hospital, Petaluma",".",".",110000040,".",".","Sonoma",0,1.34,1031,0,0,2.24,"No difference"
"Pioneers Memorial Healthcare District, Brawley",".",".",90000146,".",".","Imperial",1,2.38,1516,0.42,0.02,2.07,"No difference"
"Placentia Linda Hospital",".",".",60000062,".",".","Orange",2,1.22,899,1.64,0.27,5.4,"No difference"
"Plumas District Hospital, Quincy",".",".",230000015,".",".","Plumas",0,0.04,33,NA,NA,NA,"Too few to calculate"
"Pomerado Hospital, Poway",".",".",80000147,".",".","San Diego",4,6.41,4854,0.62,0.2,1.51,"No difference"
"Pomona Valley Hospital Medical Center, Pomona",".",".",930000123,".",".","Los Angeles",23,28.11,17154,0.82,0.53,1.21,"No difference"
"Porterville Developmental Center",".",".",170001874,".",".","Tulare",0,0.03,18,NA,NA,NA,"Too few to calculate"
"Presbyterian Intercommunity Hospital, Whittier",".",".",930000099,".",".","Los Angeles",4,22.05,14120,0.18,0.06,0.44,"Low"
"Providence Holy Cross Medical Center, Mission Hills",".",".",930000066,".",".","Los Angeles",9,16.25,11430,0.55,0.27,1.02,"No difference"
"Providence Little Company of Mary Medical Center, San Pedro",".",".",930000157,".",".","Los Angeles",7,5.19,4157,1.35,0.59,2.67,"No difference"
"Providence Little Company of Mary Medical Center, Torrance",".",".",930000081,".",".","Los Angeles",16,11.74,7950,1.36,0.81,2.17,"No difference"
"Providence Saint Joseph Medical Center, Burbank",".",".",930000101,".",".","Los Angeles",26,25.32,15780,1.03,0.69,1.48,"No difference"
"Providence Tarzana Medical Center, Tarzana",".",".",930000091,".",".","Los Angeles",16,15.19,9205,1.05,0.62,1.67,"No difference"
"Queen of The Valley Medical Center, Napa",".",".",110000041,".",".","Napa",12,7.84,5769,1.53,0.83,2.6,"No difference"
"Rady Children's Hospital, San Diego",".",".",80000023,".",".","San Diego",25,64.27,29643,0.39,0.26,0.57,"Low"
"Redlands Community Hospital",".",".",240000046,".",".","San Bernardino",2,15.18,10044,0.13,0.02,0.44,"Low"
"Redwood Memorial Hospital, Fortuna",".",".",110000045,".",".","Humboldt",0,0.55,419,NA,NA,NA,"Too few to calculate"
"Regional Medical Center of San Jose",".",".",70000133,".",".","Santa Clara",14,24.8,12508,0.57,0.32,0.93,"Low"
"Ridgecrest Regional Hospital",".",".",120000409,".",".","Kern",0,1.28,1021,0,0,2.33,"No difference"
"Riverside Community Hospital",".",".",250000049,".",".","Riverside",29,39.91,22155,0.73,0.5,1.03,"No difference"
"Riverside County Regional Medical Center, Moreno Valley",".",".",250000050,".",".","Riverside",9,35.64,20152,0.25,0.12,0.46,"Low"
"Ronald Reagan UCLA Medical Center, Los Angeles",".",".",930000162,".",".","Los Angeles",138,155.08,70333,0.89,0.75,1.05,"No difference"
"Saddleback Memorial Medical Center, Laguna Hills","Saddleback Memorial Medical Center-San Clemente",".",60000063,"060000064",".","Orange",3,7.51,5412,0.4,0.1,1.09,"No difference"
"Saint Agnes Medical Center, Fresno",".",".",40000126,".",".","Fresno",17,21.21,13180,0.8,0.48,1.26,"No difference"
"Saint Francis Medical Center, Lynwood",".",".",930000128,".",".","Los Angeles",16,11.52,7783,1.39,0.82,2.21,"No difference"
"Saint Francis Memorial Hospital, San Francisco",".",".",220000029,".",".","San Francisco",7,16.8,7053,0.42,0.18,0.82,"Low"
"Saint John's Health Center, Santa Monica",".",".",930000100,".",".","Los Angeles",12,14.84,9190,0.81,0.44,1.37,"No difference"
"Saint Louise Regional Hospital, Gilroy",".",".",70000635,".",".","Santa Clara",1,2.24,1496,0.45,0.02,2.2,"No difference"
"Saint Vincent Medical Center, Los Angeles",".",".",930000104,".",".","Los Angeles",2,7.13,4293,0.28,0.05,0.93,"Low"
"Salinas Valley Memorial Hospital",".",".",70000147,".",".","Monterey",5,20.03,12633,0.25,0.09,0.55,"Low"
"San Antonio Community Hospital, Upland",".",".",240000053,".",".","San Bernardino",14,11.01,7396,1.27,0.72,2.08,"No difference"
"San Dimas Community Hospital",".",".",930000125,".",".","Los Angeles",2,2.56,1914,0.78,0.13,2.58,"No difference"
"San Francisco General Hospital",".",".",220000019,".",".","San Francisco",7,28.64,13988,0.24,0.11,0.48,"Low"
"San Gabriel Valley Medical Center, San Gabriel",".",".",930000041,".",".","Los Angeles",2,3.88,2621,0.52,0.09,1.7,"No difference"
"San Gorgonio Memorial Hospital, Banning",".",".",250000101,".",".","Riverside",1,3.23,2251,0.31,0.02,1.53,"No difference"
"San Joaquin Community Hospital, Bakersfield",".",".",120000411,".",".","Kern",18,27.78,15616,0.65,0.4,1,"No difference"
"San Joaquin General Hospital, French Camp",".",".",30000135,".",".","San Joaquin",6,10.12,6438,0.59,0.24,1.23,"No difference"
"San Leandro Hospital",".",".",630013913,".",".","Alameda",4,2.15,1544,1.86,0.59,4.49,"No difference"
"San Mateo Medical Center",".",".",220000007,".",".","San Mateo",1,1.69,1302,0.59,0.03,2.92,"No difference"
"San Ramon Regional Medical Center","San Ramon Regional Medical Center South Building",".",140000704,"140000683",".","Contra Costa",1,3.64,2309,0.28,0.01,1.36,"No difference"
"Santa Barbara Cottage Hospital","Cottage Rehabilitation Hospital at Santa Barbara",".",50000280,"050000022",".","Santa Barbara",4,22.97,13086,0.17,0.06,0.42,"Low"
"Santa Clara Valley Medical Center, San Jose",".",".",70000149,".",".","Santa Clara",10,36.64,16488,0.27,0.14,0.49,"Low"
"Santa Monica, UCLA Medical Center and Orthopaedic",".",".",930000049,".",".","Los Angeles",20,31.82,16890,0.63,0.4,0.95,"Low"
"Santa Rosa Memorial Hospital",".",".",140001268,".",".","Sonoma",5,17.03,13341,0.29,0.11,0.65,"Low"
"Santa Ynez Valley Cottage Hospital, Solvang",".",".",50000030,".",".","Santa Barbara",0,0.06,39,NA,NA,NA,"Too few to calculate"
"Scripps Green Hospital, La Jolla",".",".",80000022,".",".","San Diego",16,21.57,12348,0.74,0.44,1.18,"No difference"
"Scripps Memorial Hospital, Encinitas",".",".",80000150,".",".","San Diego",5,7.38,5189,0.68,0.25,1.5,"No difference"
"Scripps Memorial Hospital, La Jolla",".",".",80000149,".",".","San Diego",10,21.93,12187,0.46,0.23,0.81,"Low"
"Scripps Mercy Hospital, San Diego","Scripps Mercy Hospital Chula Vista",".",90000025,"090000016",".","San Diego",29,43.78,25136,0.66,0.44,0.95,"Low"
"Sequoia Hospital, Redwood City",".",".",220000025,".",".","San Mateo",3,10,5656,0.3,0.08,0.82,"Low"
"Seton Medical Center, Daly City","Seton Medical Center-Coastside, Moss Beach",".",220000026,"220000028",".","San Mateo",4,8.17,6309,0.49,0.16,1.18,"No difference"
"Sharp Chula Vista Medical Center",".",".",90000021,".",".","San Diego",12,25.97,15292,0.46,0.25,0.79,"Low"
"Sharp Coronado Hospital and Healthcare Center",".",".",90000033,".",".","San Diego",1,1.19,750,0.84,0.04,4.14,"No difference"
"Sharp Mary Birch for Women & Newborns, San Diego",".",".",80001470,".",".","San Diego",4,14.75,6557,0.27,0.09,0.65,"Low"
"Sharp Memorial Hospital, San Diego",".",".",80000036,".",".","San Diego",11,47.45,25911,0.23,0.12,0.4,"Low"
"Shasta Regional Medical Center, Redding",".",".",230000016,".",".","Shasta",5,8.09,4511,0.62,0.23,1.37,"No difference"
"Sherman Oaks Hospital",".",".",930000140,".",".","Los Angeles",3,5.41,3378,0.55,0.14,1.51,"No difference"
"Shriners Hospitals for Children North CA, Sacramento",".",".",30001506,".",".","Sacramento",1,4.36,1450,0.23,0.01,1.13,"No difference"
"Sierra Nevada Memorial Hospital, Grass Valley",".",".",230000262,".",".","Nevada",2,2.98,2016,0.67,0.11,2.22,"No difference"
"Sierra View District Hospital, Porterville",".",".",120001464,".",".","Tulare",0,1.8,1324,0,0,1.67,"No difference"
"Sierra Vista Regional Medical Center, San Luis Obispo",".",".",50000031,".",".","San Luis Obispo",2,5.28,3182,0.38,0.06,1.25,"No difference"
"Silver Lake Medical Center, Los Angeles",".",".",930000035,".",".","Los Angeles",2,2.3,1725,0.87,0.15,2.87,"No difference"
"Simi Valley Hospital & Health Care Services",".",".",50000455,".",".","Ventura",10,3.15,2320,3.18,1.61,5.66,"High"
"Sonoma Developmental Center, Eldridge",".",".",150000050,".",".","Sonoma",1,0.77,510,1.31,0.03,7.28,"No difference"
"Sonoma Valley Hospital",".",".",110000056,".",".","Sonoma",0,0.93,674,NA,NA,NA,"Too few to calculate"
"Sonora Regional Medical Center Campus #1","Sonora Regional Medical Center Campus #2",".",30001799,"030000365",".","Tuolumne",1,3.48,2925,0.29,0.01,1.42,"No difference"
"Southern California Hospital at Culiver City",".",".",930000015,".",".","Los Angeles",4,7.28,4220,0.55,0.18,1.33,"No difference"
"Southern California Hospital at Hollywood",".",".",930000064,".",".","Los Angeles",8,2.66,2062,3,1.4,5.7,"High"
"Southwest Healthcare Systems, Murrieta","Southwest Healthcare Systems, Wildomar",".",250000507,"250000344",".","Riverside",0,10.99,7550,0,0,0.27,"Low"
"St Bernardine Medical Center",".",".",240000103,".",".","San Bernardino",10,25.42,15435,0.39,0.2,0.7,"Low"
"St Elizabeth Community Hospital, Red Bluff",".",".",230000020,".",".","Tehama",0,0.58,384,NA,NA,NA,"Too few to calculate"
"St Helena Hospital, Clearlake",".",".",110000044,".",".","Lake",0,1.21,925,0,0,2.47,"No difference"
"St Helena Hospital, St Helena",".",".",110000058,".",".","Napa",6,9.18,5888,0.65,0.27,1.36,"No difference"
"St John's Pleasant Valley Hospital, Arillo",".",".",50000026,".",".","Ventura",0,4.19,3170,0,0,0.71,"Low"
"St John's Regional Medical Center, Oxnard",".",".",50000035,".",".","Ventura",2,8.02,5131,0.25,0.04,0.82,"Low"
"St Joseph Hospital, Eureka",".",".",110000067,".",".","Humboldt",3,9.4,5840,0.32,0.08,0.87,"Low"
"St Joseph Hospital, Orange",".",".",60000067,".",".","Orange",8,23.41,13258,0.34,0.16,0.65,"Low"
"St Joseph's Medical Center of Stockton",".",".",30000143,".",".","San Joaquin",11,21.12,12913,0.52,0.27,0.91,"Low"
"St Jude Medical Center, Fullerton",".",".",60000068,".",".","Orange",5,17.72,12103,0.28,0.1,0.63,"Low"
"St Mary Medical Center, Apple Valley",".",".",240000104,".",".","San Bernardino",5,8.22,5249,0.61,0.22,1.35,"No difference"
"St Mary Medical Center, Long Beach",".",".",930000103,".",".","Los Angeles",1,6.89,4673,0.15,0.01,0.72,"Low"
"St Mary's Medical Center, San Francisco",".",".",220000030,".",".","San Francisco",0,5.91,5018,0,0,0.51,"Low"
"St Rose Hospital, Hayward",".",".",140000041,".",".","Alameda",2,6.02,4556,0.33,0.06,1.1,"No difference"
"Stanford Hospital, Stanford",".",".",70001357,".",".","Santa Clara",37,130.24,61839,0.28,0.2,0.39,"Low"
"Stanislaus Surgical Hospital, Modesto",".",".",30001661,".",".","Stanislaus",0,0.04,27,NA,NA,NA,"Too few to calculate"
"Sutter Amador Hospital, Jackson",".",".",30000108,".",".","Amador",0,2.46,1842,0,0,1.22,"No difference"
"Sutter Auburn Faith Hospital, Auburn",".",".",30000109,".",".","Placer",0,3.34,2578,0,0,0.9,"Low"
"Sutter Coast Hospital, Crescent City",".",".",110000049,".",".","Del Norte",0,0.97,644,NA,NA,NA,"Too few to calculate"
"Sutter Davis Hospital, Davis",".",".",30000149,".",".","Yolo",0,1.85,1406,0,0,1.62,"No difference"
"Sutter Delta Medical Center, Antioch",".",".",140000016,".",".","Contra Costa",4,5.05,2997,0.79,0.25,1.91,"No difference"
"Sutter General Hospital, Sacramento","Sutter Memorial Hospital, Sacramento",".",30000151,"030000112",".","Sacramento",20,85.96,43295,0.23,0.15,0.35,"Low"
"Sutter Lakeside Hospital, Lakeport",".",".",110000019,".",".","Lake",0,1.6,1207,0,0,1.88,"No difference"
"Sutter Maternity & Surgery Center of Santa Cruz",".",".",70000959,".",".","Santa Cruz",0,0.03,27,NA,NA,NA,"Too few to calculate"
"Sutter Medical Center of Santa Rosa",".",".",110000007,".",".","Sonoma",1,5.55,2439,0.18,0.01,0.89,"Low"
"Sutter Roseville Medical Center",".",".",30000134,".",".","Placer",2,21.84,11321,0.09,0.02,0.3,"Low"
"Sutter Solano Medical Center, Vallejo",".",".",110000068,".",".","Solano",1,5.45,3843,0.18,0.01,0.91,"Low"
"Sutter Surgical Hospital, North Valley, Yuba City",".",".",630011844,".",".","Sutter",0,0.06,41,NA,NA,NA,"Too few to calculate"
"Sutter Tracy Community Hospital",".",".",30000141,".",".","San Joaquin",0,2.43,1744,0,0,1.24,"No difference"
"Tahoe Forest Hospital, Truckee",".",".",230000265,".",".","Nevada",1,0.26,189,3.79,0.1,21.11,"No difference"
"Temple Community Hospital, Los Angeles",".",".",930000143,".",".","Los Angeles",2,1.06,820,1.9,0.32,6.26,"No difference"
"Torrance Memorial Medical Center, Torrance",".",".",930000127,".",".","Los Angeles",12,34.32,20292,0.35,0.19,0.59,"Low"
"Tri-City Medical Center, Oceanside",".",".",80000152,".",".","San Diego",13,18.06,13101,0.72,0.4,1.2,"No difference"
"Tri-City Regional Medical Center, Hawaiian Gardens",".",".",930000032,".",".","Los Angeles",1,1.92,1010,0.52,0.03,2.57,"No difference"
"Trinity Hospital, Weaverville",".",".",230000022,".",".","Trinity",0,0.18,147,NA,NA,NA,"Too few to calculate"
"Tulare Regional Medical Center",".",".",120001467,".",".","Tulare",2,3.58,2648,0.56,0.09,1.85,"No difference"
"Twin Cities Community Hospital, Templeton",".",".",50000037,".",".","San Luis Obispo",1,2.65,1755,0.38,0.02,1.87,"No difference"
"UCSF Medical Center, San Francisco","UCSF Medical Center at Mount Zion, San Francisco",".",220000031,"220000015",".","San Francisco",97,147.37,70876,0.66,0.54,0.8,"Low"
"Ukiah Valley Medical Center/Hospital Drive, Ukiah",".",".",110000070,".",".","Mendocino",0,1.51,1078,0,0,1.99,"No difference"
"University of California Davis Medical Center, Sacramento",".",".",30000113,".",".","Sacramento",73,127.25,52281,0.57,0.45,0.72,"Low"
"University of California Irvine Medical Center, Orange",".",".",60000071,".",".","Orange",43,82.72,35647,0.52,0.38,0.69,"Low"
"University of California, San Diego Medical Center","UCSD-La Jolla, John M.& Sally B. Thornton Hospital",".",90000154,"090001116",".","San Diego",96,83.9,41981,1.14,0.93,1.39,"No difference"
"USC Kenneth Norris Jr. Cancer Hospital, Los Angeles",".",".",930000163,".",".","Los Angeles",3,2.04,924,1.47,0.37,4.01,"No difference"
"USC Verdugo Hills Hospital, Glendale",".",".",930000187,".",".","Los Angeles",0,2.63,1699,0,0,1.14,"No difference"
"Valley Presbyterian Hospital, Van Nuys",".",".",930000129,".",".","Los Angeles",9,11.68,8194,0.77,0.38,1.41,"No difference"
"Valleycare Medical Center, Pleasanton","Valley Memorial Hospital, Livermore",".",140000797,"140000199",".","Alameda",1,6.94,4686,0.14,0.01,0.71,"Low"
"Ventura County Medical Center","Ventura County Medical Center, Santa Paula Hospital",".",50000039,"630010957",".","Ventura",9,7.06,4035,1.28,0.62,2.34,"No difference"
"Victor Valley Community Hospital, Victorville",".",".",240000054,".",".","San Bernardino",1,3.01,2020,0.33,0.02,1.64,"No difference"
"Washington Hospital, Fremont",".",".",140000118,".",".","Alameda",9,18.48,13274,0.49,0.24,0.89,"Low"
"Watsonville Community Hospital",".",".",70000155,".",".","Santa Cruz",0,2.34,1881,0,0,1.28,"No difference"
"West Anaheim Medical Center, Anaheim",".",".",60000016,".",".","Orange",0,5.17,3233,0,0,0.58,"Low"
"West Hills Hospital and Medical Center",".",".",930000028,".",".","Los Angeles",12,14.58,8167,0.82,0.45,1.4,"No difference"
"Western Medical Center  Anaheim",".",".",60000074,".",".","Orange",1,1.96,1419,0.51,0.03,2.51,"No difference"
"Western Medical Center Santa Ana",".",".",60000073,".",".","Orange",10,11.32,7323,0.88,0.45,1.57,"No difference"
"White Memorial Medical Center, Los Angeles",".",".",930000191,".",".","Los Angeles",9,15.89,9182,0.57,0.28,1.04,"No difference"
"Whittier Hospital Medical Center",".",".",930000151,".",".","Los Angeles",1,3.54,1870,0.28,0.01,1.39,"No difference"
"Woodland Memorial Hospital",".",".",30000146,".",".","Yolo",0,2.92,2164,0,0,1.03,"No difference"
